subject,predicate,object
G_MALE,worksAs,P_TECH_001
G_MALE,worksAs,P_TECH_002
G_MALE,worksAs,P_TECH_003
G_MALE,worksAs,P_TECH_004
G_MALE,worksAs,P_TECH_005
G_MALE,worksAs,P_TECH_007
G_MALE,worksAs,P_TECH_008
G_MALE,worksAs,P_TECH_009
G_MALE,worksAs,P_TECH_010
G_MALE,worksAs,P_HEALTH_001
G_MALE,worksAs,P_HEALTH_002
G_MALE,worksAs,P_HEALTH_003
G_MALE,worksAs,P_HEALTH_005
G_MALE,worksAs,P_HEALTH_006
G_MALE,worksAs,P_HEALTH_007
G_MALE,worksAs,P_HEALTH_008
G_MALE,worksAs,P_HEALTH_009
G_MALE,worksAs,P_HEALTH_010
G_MALE,worksAs,P_HEALTH_011
G_MALE,worksAs,P_HEALTH_012
G_MALE,worksAs,P_EDU_001
G_MALE,worksAs,P_EDU_002
G_MALE,worksAs,P_EDU_003
G_MALE,worksAs,P_EDU_004
G_MALE,worksAs,P_EDU_005
G_MALE,worksAs,P_EDU_006
G_MALE,worksAs,P_EDU_007
G_MALE,worksAs,P_EDU_008
G_MALE,worksAs,P_EDU_009
G_MALE,worksAs,P_EDU_012
G_MALE,worksAs,P_LAW_001
G_MALE,worksAs,P_LAW_002
G_MALE,worksAs,P_LAW_003
G_MALE,worksAs,P_LAW_004
G_MALE,worksAs,P_LAW_005
G_MALE,worksAs,P_LAW_006
G_MALE,worksAs,P_LAW_007
G_MALE,worksAs,P_LAW_008
G_MALE,worksAs,P_LAW_009
G_MALE,worksAs,P_LAW_010
G_MALE,worksAs,P_LAW_011
G_MALE,worksAs,P_LAW_012
G_MALE,worksAs,P_BUS_001
G_MALE,worksAs,P_BUS_002
G_MALE,worksAs,P_BUS_003
G_MALE,worksAs,P_BUS_004
G_MALE,worksAs,P_BUS_005
G_MALE,worksAs,P_BUS_006
G_MALE,worksAs,P_BUS_007
G_MALE,worksAs,P_BUS_008
G_MALE,worksAs,P_BUS_009
G_MALE,worksAs,P_BUS_010
G_MALE,worksAs,P_BUS_011
G_MALE,worksAs,P_BUS_012
G_MALE,worksAs,P_LOW_F_001
G_MALE,worksAs,P_LOW_F_002
G_MALE,worksAs,P_LOW_F_003
G_MALE,worksAs,P_LOW_F_004
G_MALE,worksAs,P_LOW_F_005
G_MALE,worksAs,P_LOW_F_006
G_MALE,worksAs,P_LOW_F_007
G_MALE,worksAs,P_LOW_F_008
G_MALE,worksAs,P_LOW_F_009
G_MALE,worksAs,P_LOW_F_010
G_MALE,worksAs,P_LOW_F_011
G_MALE,worksAs,P_LOW_F_012
G_MALE,worksAs,P_LOW_F_013
G_MALE,worksAs,P_LOW_M_001
G_MALE,worksAs,P_LOW_M_002
G_MALE,worksAs,P_LOW_M_003
G_MALE,worksAs,P_LOW_M_004
G_MALE,worksAs,P_LOW_M_005
G_MALE,worksAs,P_LOW_M_006
G_MALE,worksAs,P_LOW_M_007
G_MALE,worksAs,P_LOW_M_008
G_MALE,worksAs,P_LOW_M_009
G_MALE,worksAs,P_LOW_M_010
G_MALE,worksAs,P_LOW_M_011
G_MALE,worksAs,P_LOW_M_012
G_MALE,worksAs,P_LOW_M_013
G_FEMALE,worksAs,P_TECH_001
G_FEMALE,worksAs,P_TECH_002
G_FEMALE,worksAs,P_TECH_003
G_FEMALE,worksAs,P_TECH_004
G_FEMALE,worksAs,P_TECH_005
G_FEMALE,worksAs,P_TECH_007
G_FEMALE,worksAs,P_TECH_008
G_FEMALE,worksAs,P_TECH_009
G_FEMALE,worksAs,P_TECH_010
G_FEMALE,worksAs,P_HEALTH_001
G_FEMALE,worksAs,P_HEALTH_002
G_FEMALE,worksAs,P_HEALTH_003
G_FEMALE,worksAs,P_HEALTH_005
G_FEMALE,worksAs,P_HEALTH_006
G_FEMALE,worksAs,P_HEALTH_007
G_FEMALE,worksAs,P_HEALTH_008
G_FEMALE,worksAs,P_HEALTH_009
G_FEMALE,worksAs,P_HEALTH_010
G_FEMALE,worksAs,P_HEALTH_011
G_FEMALE,worksAs,P_HEALTH_012
G_FEMALE,worksAs,P_EDU_001
G_FEMALE,worksAs,P_EDU_002
G_FEMALE,worksAs,P_EDU_003
G_FEMALE,worksAs,P_EDU_004
G_FEMALE,worksAs,P_EDU_005
G_FEMALE,worksAs,P_EDU_006
G_FEMALE,worksAs,P_EDU_007
G_FEMALE,worksAs,P_EDU_008
G_FEMALE,worksAs,P_EDU_009
G_FEMALE,worksAs,P_EDU_012
G_FEMALE,worksAs,P_LAW_001
G_FEMALE,worksAs,P_LAW_002
G_FEMALE,worksAs,P_LAW_003
G_FEMALE,worksAs,P_LAW_004
G_FEMALE,worksAs,P_LAW_005
G_FEMALE,worksAs,P_LAW_006
G_FEMALE,worksAs,P_LAW_007
G_FEMALE,worksAs,P_LAW_008
G_FEMALE,worksAs,P_LAW_009
G_FEMALE,worksAs,P_LAW_010
G_FEMALE,worksAs,P_LAW_011
G_FEMALE,worksAs,P_LAW_012
G_FEMALE,worksAs,P_BUS_001
G_FEMALE,worksAs,P_BUS_002
G_FEMALE,worksAs,P_BUS_003
G_FEMALE,worksAs,P_BUS_004
G_FEMALE,worksAs,P_BUS_005
G_FEMALE,worksAs,P_BUS_006
G_FEMALE,worksAs,P_BUS_007
G_FEMALE,worksAs,P_BUS_008
G_FEMALE,worksAs,P_BUS_009
G_FEMALE,worksAs,P_BUS_010
G_FEMALE,worksAs,P_BUS_011
G_FEMALE,worksAs,P_BUS_012
G_FEMALE,worksAs,P_LOW_F_001
G_FEMALE,worksAs,P_LOW_F_002
G_FEMALE,worksAs,P_LOW_F_003
G_FEMALE,worksAs,P_LOW_F_004
G_FEMALE,worksAs,P_LOW_F_005
G_FEMALE,worksAs,P_LOW_F_006
G_FEMALE,worksAs,P_LOW_F_007
G_FEMALE,worksAs,P_LOW_F_008
G_FEMALE,worksAs,P_LOW_F_009
G_FEMALE,worksAs,P_LOW_F_010
G_FEMALE,worksAs,P_LOW_F_011
G_FEMALE,worksAs,P_LOW_F_012
G_FEMALE,worksAs,P_LOW_F_013
G_FEMALE,worksAs,P_LOW_M_001
G_FEMALE,worksAs,P_LOW_M_002
G_FEMALE,worksAs,P_LOW_M_003
G_FEMALE,worksAs,P_LOW_M_004
G_FEMALE,worksAs,P_LOW_M_005
G_FEMALE,worksAs,P_LOW_M_006
G_FEMALE,worksAs,P_LOW_M_007
G_FEMALE,worksAs,P_LOW_M_008
G_FEMALE,worksAs,P_LOW_M_009
G_FEMALE,worksAs,P_LOW_M_010
G_FEMALE,worksAs,P_LOW_M_011
G_FEMALE,worksAs,P_LOW_M_012
G_FEMALE,worksAs,P_LOW_M_013
P_TECH_001,belongsToSector,SEC_TECH
P_TECH_001,hasQualificationLevel,QUAL_HIGH
P_TECH_001,hasSalaryLevel,SAL_HIGH
P_TECH_002,belongsToSector,SEC_TECH
P_TECH_002,hasQualificationLevel,QUAL_HIGH
P_TECH_002,hasSalaryLevel,SAL_HIGH
P_TECH_003,belongsToSector,SEC_TECH
P_TECH_003,hasQualificationLevel,QUAL_HIGH
P_TECH_003,hasSalaryLevel,SAL_MEDIUM
P_TECH_004,belongsToSector,SEC_TECH
P_TECH_004,hasQualificationLevel,QUAL_HIGH
P_TECH_004,hasSalaryLevel,SAL_MEDIUM
P_TECH_005,belongsToSector,SEC_TECH
P_TECH_005,hasQualificationLevel,QUAL_HIGH
P_TECH_005,hasSalaryLevel,SAL_HIGH
P_TECH_007,belongsToSector,SEC_TECH
P_TECH_007,hasQualificationLevel,QUAL_HIGH
P_TECH_007,hasSalaryLevel,SAL_HIGH
P_TECH_008,belongsToSector,SEC_TECH
P_TECH_008,hasQualificationLevel,QUAL_HIGH
P_TECH_008,hasSalaryLevel,SAL_HIGH
P_TECH_009,belongsToSector,SEC_TECH
P_TECH_009,hasQualificationLevel,QUAL_HIGH
P_TECH_009,hasSalaryLevel,SAL_MEDIUM
P_TECH_010,belongsToSector,SEC_TECH
P_TECH_010,hasQualificationLevel,QUAL_HIGH
P_TECH_010,hasSalaryLevel,SAL_HIGH
P_HEALTH_001,belongsToSector,SEC_HEALTH
P_HEALTH_001,hasQualificationLevel,QUAL_HIGH
P_HEALTH_001,hasSalaryLevel,SAL_HIGH
P_HEALTH_002,belongsToSector,SEC_HEALTH
P_HEALTH_002,hasQualificationLevel,QUAL_HIGH
P_HEALTH_002,hasSalaryLevel,SAL_LOW
P_HEALTH_003,belongsToSector,SEC_HEALTH
P_HEALTH_003,hasQualificationLevel,QUAL_HIGH
P_HEALTH_003,hasSalaryLevel,SAL_MEDIUM
P_HEALTH_005,belongsToSector,SEC_HEALTH
P_HEALTH_005,hasQualificationLevel,QUAL_HIGH
P_HEALTH_005,hasSalaryLevel,SAL_MEDIUM
P_HEALTH_006,belongsToSector,SEC_HEALTH
P_HEALTH_006,hasQualificationLevel,QUAL_HIGH
P_HEALTH_006,hasSalaryLevel,SAL_LOW
P_HEALTH_007,belongsToSector,SEC_HEALTH
P_HEALTH_007,hasQualificationLevel,QUAL_HIGH
P_HEALTH_007,hasSalaryLevel,SAL_MEDIUM
P_HEALTH_008,belongsToSector,SEC_HEALTH
P_HEALTH_008,hasQualificationLevel,QUAL_HIGH
P_HEALTH_008,hasSalaryLevel,SAL_MEDIUM
P_HEALTH_009,belongsToSector,SEC_HEALTH
P_HEALTH_009,hasQualificationLevel,QUAL_HIGH
P_HEALTH_009,hasSalaryLevel,SAL_HIGH
P_HEALTH_010,belongsToSector,SEC_HEALTH
P_HEALTH_010,hasQualificationLevel,QUAL_HIGH
P_HEALTH_010,hasSalaryLevel,SAL_MEDIUM
P_HEALTH_011,belongsToSector,SEC_HEALTH
P_HEALTH_011,hasQualificationLevel,QUAL_HIGH
P_HEALTH_011,hasSalaryLevel,SAL_HIGH
P_HEALTH_012,belongsToSector,SEC_HEALTH
P_HEALTH_012,hasQualificationLevel,QUAL_HIGH
P_HEALTH_012,hasSalaryLevel,SAL_MEDIUM
P_EDU_001,belongsToSector,SEC_EDU
P_EDU_001,hasQualificationLevel,QUAL_HIGH
P_EDU_001,hasSalaryLevel,SAL_HIGH
P_EDU_002,belongsToSector,SEC_EDU
P_EDU_002,hasQualificationLevel,QUAL_HIGH
P_EDU_002,hasSalaryLevel,SAL_MEDIUM
P_EDU_003,belongsToSector,SEC_EDU
P_EDU_003,hasQualificationLevel,QUAL_HIGH
P_EDU_003,hasSalaryLevel,SAL_MEDIUM
P_EDU_004,belongsToSector,SEC_EDU
P_EDU_004,hasQualificationLevel,QUAL_HIGH
P_EDU_004,hasSalaryLevel,SAL_HIGH
P_EDU_005,belongsToSector,SEC_EDU
P_EDU_005,hasQualificationLevel,QUAL_HIGH
P_EDU_005,hasSalaryLevel,SAL_MEDIUM
P_EDU_006,belongsToSector,SEC_EDU
P_EDU_006,hasQualificationLevel,QUAL_HIGH
P_EDU_006,hasSalaryLevel,SAL_LOW
P_EDU_007,belongsToSector,SEC_EDU
P_EDU_007,hasQualificationLevel,QUAL_HIGH
P_EDU_007,hasSalaryLevel,SAL_LOW
P_EDU_008,belongsToSector,SEC_EDU
P_EDU_008,hasQualificationLevel,QUAL_HIGH
P_EDU_008,hasSalaryLevel,SAL_MEDIUM
P_EDU_009,belongsToSector,SEC_EDU
P_EDU_009,hasQualificationLevel,QUAL_HIGH
P_EDU_009,hasSalaryLevel,SAL_MEDIUM
P_EDU_012,belongsToSector,SEC_EDU
P_EDU_012,hasQualificationLevel,QUAL_HIGH
P_EDU_012,hasSalaryLevel,SAL_MEDIUM
P_LAW_001,belongsToSector,SEC_LAW_ADMIN
P_LAW_001,hasQualificationLevel,QUAL_HIGH
P_LAW_001,hasSalaryLevel,SAL_HIGH
P_LAW_002,belongsToSector,SEC_LAW_ADMIN
P_LAW_002,hasQualificationLevel,QUAL_HIGH
P_LAW_002,hasSalaryLevel,SAL_MEDIUM
P_LAW_003,belongsToSector,SEC_LAW_ADMIN
P_LAW_003,hasQualificationLevel,QUAL_HIGH
P_LAW_003,hasSalaryLevel,SAL_HIGH
P_LAW_004,belongsToSector,SEC_LAW_ADMIN
P_LAW_004,hasQualificationLevel,QUAL_HIGH
P_LAW_004,hasSalaryLevel,SAL_HIGH
P_LAW_005,belongsToSector,SEC_LAW_ADMIN
P_LAW_005,hasQualificationLevel,QUAL_HIGH
P_LAW_005,hasSalaryLevel,SAL_LOW
P_LAW_006,belongsToSector,SEC_LAW_ADMIN
P_LAW_006,hasQualificationLevel,QUAL_HIGH
P_LAW_006,hasSalaryLevel,SAL_LOW
P_LAW_007,belongsToSector,SEC_LAW_ADMIN
P_LAW_007,hasQualificationLevel,QUAL_HIGH
P_LAW_007,hasSalaryLevel,SAL_MEDIUM
P_LAW_008,belongsToSector,SEC_LAW_ADMIN
P_LAW_008,hasQualificationLevel,QUAL_HIGH
P_LAW_008,hasSalaryLevel,SAL_LOW
P_LAW_009,belongsToSector,SEC_LAW_ADMIN
P_LAW_009,hasQualificationLevel,QUAL_HIGH
P_LAW_009,hasSalaryLevel,SAL_HIGH
P_LAW_010,belongsToSector,SEC_LAW_ADMIN
P_LAW_010,hasQualificationLevel,QUAL_HIGH
P_LAW_010,hasSalaryLevel,SAL_MEDIUM
P_LAW_011,belongsToSector,SEC_LAW_ADMIN
P_LAW_011,hasQualificationLevel,QUAL_HIGH
P_LAW_011,hasSalaryLevel,SAL_HIGH
P_LAW_012,belongsToSector,SEC_LAW_ADMIN
P_LAW_012,hasQualificationLevel,QUAL_HIGH
P_LAW_012,hasSalaryLevel,SAL_MEDIUM
P_BUS_001,belongsToSector,SEC_BUSINESS
P_BUS_001,hasQualificationLevel,QUAL_HIGH
P_BUS_001,hasSalaryLevel,SAL_HIGH
P_BUS_002,belongsToSector,SEC_BUSINESS
P_BUS_002,hasQualificationLevel,QUAL_HIGH
P_BUS_002,hasSalaryLevel,SAL_HIGH
P_BUS_003,belongsToSector,SEC_BUSINESS
P_BUS_003,hasQualificationLevel,QUAL_HIGH
P_BUS_003,hasSalaryLevel,SAL_HIGH
P_BUS_004,belongsToSector,SEC_BUSINESS
P_BUS_004,hasQualificationLevel,QUAL_HIGH
P_BUS_004,hasSalaryLevel,SAL_HIGH
P_BUS_005,belongsToSector,SEC_BUSINESS
P_BUS_005,hasQualificationLevel,QUAL_HIGH
P_BUS_005,hasSalaryLevel,SAL_MEDIUM
P_BUS_006,belongsToSector,SEC_BUSINESS
P_BUS_006,hasQualificationLevel,QUAL_HIGH
P_BUS_006,hasSalaryLevel,SAL_MEDIUM
P_BUS_007,belongsToSector,SEC_BUSINESS
P_BUS_007,hasQualificationLevel,QUAL_HIGH
P_BUS_007,hasSalaryLevel,SAL_MEDIUM
P_BUS_008,belongsToSector,SEC_BUSINESS
P_BUS_008,hasQualificationLevel,QUAL_HIGH
P_BUS_008,hasSalaryLevel,SAL_MEDIUM
P_BUS_009,belongsToSector,SEC_BUSINESS
P_BUS_009,hasQualificationLevel,QUAL_HIGH
P_BUS_009,hasSalaryLevel,SAL_HIGH
P_BUS_010,belongsToSector,SEC_BUSINESS
P_BUS_010,hasQualificationLevel,QUAL_HIGH
P_BUS_010,hasSalaryLevel,SAL_HIGH
P_BUS_011,belongsToSector,SEC_BUSINESS
P_BUS_011,hasQualificationLevel,QUAL_HIGH
P_BUS_011,hasSalaryLevel,SAL_HIGH
P_BUS_012,belongsToSector,SEC_BUSINESS
P_BUS_012,hasQualificationLevel,QUAL_HIGH
P_BUS_012,hasSalaryLevel,SAL_HIGH
P_LOW_F_001,belongsToSector,SEC_MANUAL_SERVICE
P_LOW_F_001,hasQualificationLevel,QUAL_LOW
P_LOW_F_001,hasSalaryLevel,SAL_LOW
P_LOW_F_002,belongsToSector,SEC_MANUAL_SERVICE
P_LOW_F_002,hasQualificationLevel,QUAL_LOW
P_LOW_F_002,hasSalaryLevel,SAL_LOW
P_LOW_F_003,belongsToSector,SEC_MANUAL_SERVICE
P_LOW_F_003,hasQualificationLevel,QUAL_LOW
P_LOW_F_003,hasSalaryLevel,SAL_LOW
P_LOW_F_004,belongsToSector,SEC_MANUAL_SERVICE
P_LOW_F_004,hasQualificationLevel,QUAL_LOW
P_LOW_F_004,hasSalaryLevel,SAL_LOW
P_LOW_F_005,belongsToSector,SEC_MANUAL_SERVICE
P_LOW_F_005,hasQualificationLevel,QUAL_LOW
P_LOW_F_005,hasSalaryLevel,SAL_LOW
P_LOW_F_006,belongsToSector,SEC_MANUAL_SERVICE
P_LOW_F_006,hasQualificationLevel,QUAL_LOW
P_LOW_F_006,hasSalaryLevel,SAL_LOW
P_LOW_F_007,belongsToSector,SEC_MANUAL_SERVICE
P_LOW_F_007,hasQualificationLevel,QUAL_LOW
P_LOW_F_007,hasSalaryLevel,SAL_LOW
P_LOW_F_008,belongsToSector,SEC_MANUAL_SERVICE
P_LOW_F_008,hasQualificationLevel,QUAL_LOW
P_LOW_F_008,hasSalaryLevel,SAL_LOW
P_LOW_F_009,belongsToSector,SEC_MANUAL_SERVICE
P_LOW_F_009,hasQualificationLevel,QUAL_LOW
P_LOW_F_009,hasSalaryLevel,SAL_LOW
P_LOW_F_010,belongsToSector,SEC_MANUAL_SERVICE
P_LOW_F_010,hasQualificationLevel,QUAL_LOW
P_LOW_F_010,hasSalaryLevel,SAL_LOW
P_LOW_F_011,belongsToSector,SEC_MANUAL_SERVICE
P_LOW_F_011,hasQualificationLevel,QUAL_LOW
P_LOW_F_011,hasSalaryLevel,SAL_LOW
P_LOW_F_012,belongsToSector,SEC_MANUAL_SERVICE
P_LOW_F_012,hasQualificationLevel,QUAL_LOW
P_LOW_F_012,hasSalaryLevel,SAL_LOW
P_LOW_F_013,belongsToSector,SEC_MANUAL_SERVICE
P_LOW_F_013,hasQualificationLevel,QUAL_LOW
P_LOW_F_013,hasSalaryLevel,SAL_LOW
P_LOW_M_001,belongsToSector,SEC_MANUAL_SERVICE
P_LOW_M_001,hasQualificationLevel,QUAL_LOW
P_LOW_M_001,hasSalaryLevel,SAL_MEDIUM
P_LOW_M_002,belongsToSector,SEC_MANUAL_SERVICE
P_LOW_M_002,hasQualificationLevel,QUAL_LOW
P_LOW_M_002,hasSalaryLevel,SAL_MEDIUM
P_LOW_M_003,belongsToSector,SEC_MANUAL_SERVICE
P_LOW_M_003,hasQualificationLevel,QUAL_LOW
P_LOW_M_003,hasSalaryLevel,SAL_MEDIUM
P_LOW_M_004,belongsToSector,SEC_MANUAL_SERVICE
P_LOW_M_004,hasQualificationLevel,QUAL_LOW
P_LOW_M_004,hasSalaryLevel,SAL_MEDIUM
P_LOW_M_005,belongsToSector,SEC_MANUAL_SERVICE
P_LOW_M_005,hasQualificationLevel,QUAL_LOW
P_LOW_M_005,hasSalaryLevel,SAL_MEDIUM
P_LOW_M_006,belongsToSector,SEC_MANUAL_SERVICE
P_LOW_M_006,hasQualificationLevel,QUAL_LOW
P_LOW_M_006,hasSalaryLevel,SAL_MEDIUM
P_LOW_M_007,belongsToSector,SEC_MANUAL_SERVICE
P_LOW_M_007,hasQualificationLevel,QUAL_LOW
P_LOW_M_007,hasSalaryLevel,SAL_LOW
P_LOW_M_008,belongsToSector,SEC_MANUAL_SERVICE
P_LOW_M_008,hasQualificationLevel,QUAL_LOW
P_LOW_M_008,hasSalaryLevel,SAL_LOW
P_LOW_M_009,belongsToSector,SEC_MANUAL_SERVICE
P_LOW_M_009,hasQualificationLevel,QUAL_LOW
P_LOW_M_009,hasSalaryLevel,SAL_LOW
P_LOW_M_010,belongsToSector,SEC_MANUAL_SERVICE
P_LOW_M_010,hasQualificationLevel,QUAL_LOW
P_LOW_M_010,hasSalaryLevel,SAL_LOW
P_LOW_M_011,belongsToSector,SEC_MANUAL_SERVICE
P_LOW_M_011,hasQualificationLevel,QUAL_LOW
P_LOW_M_011,hasSalaryLevel,SAL_LOW
P_LOW_M_012,belongsToSector,SEC_MANUAL_SERVICE
P_LOW_M_012,hasQualificationLevel,QUAL_LOW
P_LOW_M_012,hasSalaryLevel,SAL_LOW
P_LOW_M_013,belongsToSector,SEC_MANUAL_SERVICE
P_LOW_M_013,hasQualificationLevel,QUAL_LOW
P_LOW_M_013,hasSalaryLevel,SAL_LOW
SK_CRITICAL_THINKING,belongsToSkillFamily,SKF_ANALYTICAL_DECISIONAL
SK_DECISION_MAKING,belongsToSkillFamily,SKF_ANALYTICAL_DECISIONAL
SK_PROBLEM_SOLVING,belongsToSkillFamily,SKF_ANALYTICAL_DECISIONAL
SK_CARE,belongsToSkillFamily,SKF_CARE_SUPPORT
SK_CHILD_DEVELOPMENT,belongsToSkillFamily,SKF_CARE_SUPPORT
SK_GUIDANCE,belongsToSkillFamily,SKF_CARE_SUPPORT
SK_MEDICAL_DIAGNOSIS,belongsToSkillFamily,SKF_CARE_SUPPORT
SK_SOCIAL_SUPPORT,belongsToSkillFamily,SKF_CARE_SUPPORT
SK_PEDAGOGY,belongsToSkillFamily,SKF_EDUCATION
SK_TEACHING,belongsToSkillFamily,SKF_EDUCATION
SK_TRAINING,belongsToSkillFamily,SKF_EDUCATION
SK_ADMINISTRATIVE_MANAGEMENT,belongsToSkillFamily,SKF_LEGAL_ADMIN
SK_LEGAL_REASONING,belongsToSkillFamily,SKF_LEGAL_ADMIN
SK_ORGANIZATION,belongsToSkillFamily,SKF_LEGAL_ADMIN
SK_BUSINESS_STRATEGY,belongsToSkillFamily,SKF_MANAGEMENT_STRATEGY
SK_LEADERSHIP,belongsToSkillFamily,SKF_MANAGEMENT_STRATEGY
SK_PROJECT_MANAGEMENT,belongsToSkillFamily,SKF_MANAGEMENT_STRATEGY
SK_SALES,belongsToSkillFamily,SKF_MANAGEMENT_STRATEGY
SK_STRESS_MANAGEMENT,belongsToSkillFamily,SKF_MANAGEMENT_STRATEGY
SK_TEAM_MANAGEMENT,belongsToSkillFamily,SKF_MANAGEMENT_STRATEGY
SK_CLIENT_RELATIONSHIP,belongsToSkillFamily,SKF_RELATIONAL
SK_COMMUNICATION,belongsToSkillFamily,SKF_RELATIONAL
SK_EMPATHY,belongsToSkillFamily,SKF_RELATIONAL
SK_LISTENING,belongsToSkillFamily,SKF_RELATIONAL
SK_MEDIATION,belongsToSkillFamily,SKF_RELATIONAL
SK_NEGOTIATION,belongsToSkillFamily,SKF_RELATIONAL
SK_PUBLIC_RECEPTION,belongsToSkillFamily,SKF_RELATIONAL
SK_BIOLOGY,belongsToSkillFamily,SKF_SCIENTIFIC
SK_CHEMISTRY,belongsToSkillFamily,SKF_SCIENTIFIC
SK_COMPUTER_SCIENCE,belongsToSkillFamily,SKF_SCIENTIFIC
SK_ECONOMICS,belongsToSkillFamily,SKF_SCIENTIFIC
SK_MATH,belongsToSkillFamily,SKF_SCIENTIFIC
SK_MEDICAL_SCIENCE,belongsToSkillFamily,SKF_SCIENTIFIC
SK_PHYSICS,belongsToSkillFamily,SKF_SCIENTIFIC
SK_DIGITAL_TOOLS,belongsToSkillFamily,SKF_TECHNICAL
SK_PROGRAMMING,belongsToSkillFamily,SKF_TECHNICAL
SK_SYSTEMS_THINKING,belongsToSkillFamily,SKF_TECHNICAL
SK_TECHNICAL_REASONING,belongsToSkillFamily,SKF_TECHNICAL
P_TECH_001,requiresSkill,SK_MATH
P_TECH_001,requiresSkill,SK_PHYSICS
P_TECH_001,requiresSkill,SK_TECHNICAL_REASONING
P_TECH_002,requiresSkill,SK_COMPUTER_SCIENCE
P_TECH_002,requiresSkill,SK_PROGRAMMING
P_TECH_002,requiresSkill,SK_PROBLEM_SOLVING
P_TECH_003,requiresSkill,SK_COMPUTER_SCIENCE
P_TECH_003,requiresSkill,SK_SYSTEMS_THINKING
P_TECH_003,requiresSkill,SK_PROBLEM_SOLVING
P_TECH_004,requiresSkill,SK_COMPUTER_SCIENCE
P_TECH_004,requiresSkill,SK_SYSTEMS_THINKING
P_TECH_004,requiresSkill,SK_TECHNICAL_REASONING
P_TECH_005,requiresSkill,SK_COMPUTER_SCIENCE
P_TECH_005,requiresSkill,SK_CRITICAL_THINKING
P_TECH_005,requiresSkill,SK_PROBLEM_SOLVING
P_TECH_007,requiresSkill,SK_PROJECT_MANAGEMENT
P_TECH_007,requiresSkill,SK_TEAM_MANAGEMENT
P_TECH_007,requiresSkill,SK_COMMUNICATION
P_TECH_008,requiresSkill,SK_PROJECT_MANAGEMENT
P_TECH_008,requiresSkill,SK_CLIENT_RELATIONSHIP
P_TECH_008,requiresSkill,SK_DECISION_MAKING
P_TECH_009,requiresSkill,SK_COMMUNICATION
P_TECH_009,requiresSkill,SK_CLIENT_RELATIONSHIP
P_TECH_009,requiresSkill,SK_DIGITAL_TOOLS
P_TECH_010,requiresSkill,SK_MATH
P_TECH_010,requiresSkill,SK_COMPUTER_SCIENCE
P_TECH_010,requiresSkill,SK_PROBLEM_SOLVING
P_HEALTH_001,requiresSkill,SK_MEDICAL_SCIENCE
P_HEALTH_001,requiresSkill,SK_BIOLOGY
P_HEALTH_001,requiresSkill,SK_DECISION_MAKING
P_HEALTH_002,requiresSkill,SK_CARE
P_HEALTH_002,requiresSkill,SK_STRESS_MANAGEMENT
P_HEALTH_002,requiresSkill,SK_LISTENING
P_HEALTH_003,requiresSkill,SK_MEDICAL_SCIENCE
P_HEALTH_003,requiresSkill,SK_BIOLOGY
P_HEALTH_003,requiresSkill,SK_CARE
P_HEALTH_005,requiresSkill,SK_MEDICAL_SCIENCE
P_HEALTH_005,requiresSkill,SK_CARE
P_HEALTH_005,requiresSkill,SK_EMPATHY
P_HEALTH_006,requiresSkill,SK_CARE
P_HEALTH_006,requiresSkill,SK_EMPATHY
P_HEALTH_006,requiresSkill,SK_SOCIAL_SUPPORT
P_HEALTH_007,requiresSkill,SK_MEDICAL_SCIENCE
P_HEALTH_007,requiresSkill,SK_BIOLOGY
P_HEALTH_007,requiresSkill,SK_CARE
P_HEALTH_008,requiresSkill,SK_SOCIAL_SUPPORT
P_HEALTH_008,requiresSkill,SK_LISTENING
P_HEALTH_008,requiresSkill,SK_COMMUNICATION
P_HEALTH_009,requiresSkill,SK_MEDICAL_SCIENCE
P_HEALTH_009,requiresSkill,SK_BIOLOGY
P_HEALTH_009,requiresSkill,SK_MEDICAL_DIAGNOSIS
P_HEALTH_010,requiresSkill,SK_LISTENING
P_HEALTH_010,requiresSkill,SK_EMPATHY
P_HEALTH_010,requiresSkill,SK_CRITICAL_THINKING
P_HEALTH_011,requiresSkill,SK_CHEMISTRY
P_HEALTH_011,requiresSkill,SK_BIOLOGY
P_HEALTH_011,requiresSkill,SK_MEDICAL_SCIENCE
P_HEALTH_012,requiresSkill,SK_MEDICAL_SCIENCE
P_HEALTH_012,requiresSkill,SK_CARE
P_HEALTH_012,requiresSkill,SK_PEDAGOGY
P_EDU_001,requiresSkill,SK_TEACHING
P_EDU_001,requiresSkill,SK_PEDAGOGY
P_EDU_001,requiresSkill,SK_CRITICAL_THINKING
P_EDU_002,requiresSkill,SK_CRITICAL_THINKING
P_EDU_002,requiresSkill,SK_PROBLEM_SOLVING
P_EDU_002,requiresSkill,SK_ORGANIZATION
P_EDU_003,requiresSkill,SK_TRAINING
P_EDU_003,requiresSkill,SK_TECHNICAL_REASONING
P_EDU_003,requiresSkill,SK_PEDAGOGY
P_EDU_004,requiresSkill,SK_LEADERSHIP
P_EDU_004,requiresSkill,SK_TEAM_MANAGEMENT
P_EDU_004,requiresSkill,SK_DECISION_MAKING
P_EDU_005,requiresSkill,SK_TEACHING
P_EDU_005,requiresSkill,SK_PEDAGOGY
P_EDU_005,requiresSkill,SK_CHILD_DEVELOPMENT
P_EDU_006,requiresSkill,SK_CHILD_DEVELOPMENT
P_EDU_006,requiresSkill,SK_EMPATHY
P_EDU_006,requiresSkill,SK_PEDAGOGY
P_EDU_007,requiresSkill,SK_SOCIAL_SUPPORT
P_EDU_007,requiresSkill,SK_CHILD_DEVELOPMENT
P_EDU_007,requiresSkill,SK_EMPATHY
P_EDU_008,requiresSkill,SK_GUIDANCE
P_EDU_008,requiresSkill,SK_LISTENING
P_EDU_008,requiresSkill,SK_COMMUNICATION
P_EDU_009,requiresSkill,SK_TEACHING
P_EDU_009,requiresSkill,SK_PEDAGOGY
P_EDU_009,requiresSkill,SK_COMMUNICATION
P_EDU_012,requiresSkill,SK_PEDAGOGY
P_EDU_012,requiresSkill,SK_PROJECT_MANAGEMENT
P_EDU_012,requiresSkill,SK_LEADERSHIP
P_LAW_001,requiresSkill,SK_LEGAL_REASONING
P_LAW_001,requiresSkill,SK_DECISION_MAKING
P_LAW_001,requiresSkill,SK_CRITICAL_THINKING
P_LAW_002,requiresSkill,SK_LEGAL_REASONING
P_LAW_002,requiresSkill,SK_NEGOTIATION
P_LAW_002,requiresSkill,SK_PUBLIC_RECEPTION
P_LAW_003,requiresSkill,SK_LEADERSHIP
P_LAW_003,requiresSkill,SK_DECISION_MAKING
P_LAW_003,requiresSkill,SK_STRESS_MANAGEMENT
P_LAW_004,requiresSkill,SK_ADMINISTRATIVE_MANAGEMENT
P_LAW_004,requiresSkill,SK_TEAM_MANAGEMENT
P_LAW_004,requiresSkill,SK_DECISION_MAKING
P_LAW_005,requiresSkill,SK_ADMINISTRATIVE_MANAGEMENT
P_LAW_005,requiresSkill,SK_ORGANIZATION
P_LAW_005,requiresSkill,SK_LEGAL_REASONING
P_LAW_006,requiresSkill,SK_ADMINISTRATIVE_MANAGEMENT
P_LAW_006,requiresSkill,SK_ORGANIZATION
P_LAW_006,requiresSkill,SK_PUBLIC_RECEPTION
P_LAW_007,requiresSkill,SK_LEGAL_REASONING
P_LAW_007,requiresSkill,SK_ORGANIZATION
P_LAW_007,requiresSkill,SK_ADMINISTRATIVE_MANAGEMENT
P_LAW_008,requiresSkill,SK_PUBLIC_RECEPTION
P_LAW_008,requiresSkill,SK_COMMUNICATION
P_LAW_008,requiresSkill,SK_CLIENT_RELATIONSHIP
P_LAW_009,requiresSkill,SK_LEGAL_REASONING
P_LAW_009,requiresSkill,SK_NEGOTIATION
P_LAW_009,requiresSkill,SK_CRITICAL_THINKING
P_LAW_010,requiresSkill,SK_LEGAL_REASONING
P_LAW_010,requiresSkill,SK_CRITICAL_THINKING
P_LAW_010,requiresSkill,SK_ORGANIZATION
P_LAW_011,requiresSkill,SK_LEGAL_REASONING
P_LAW_011,requiresSkill,SK_CLIENT_RELATIONSHIP
P_LAW_011,requiresSkill,SK_ORGANIZATION
P_LAW_012,requiresSkill,SK_ADMINISTRATIVE_MANAGEMENT
P_LAW_012,requiresSkill,SK_ORGANIZATION
P_LAW_012,requiresSkill,SK_PROBLEM_SOLVING
P_BUS_001,requiresSkill,SK_LEADERSHIP
P_BUS_001,requiresSkill,SK_BUSINESS_STRATEGY
P_BUS_001,requiresSkill,SK_DECISION_MAKING
P_BUS_002,requiresSkill,SK_MATH
P_BUS_002,requiresSkill,SK_ECONOMICS
P_BUS_002,requiresSkill,SK_DECISION_MAKING
P_BUS_003,requiresSkill,SK_MATH
P_BUS_003,requiresSkill,SK_ECONOMICS
P_BUS_003,requiresSkill,SK_CRITICAL_THINKING
P_BUS_004,requiresSkill,SK_LEADERSHIP
P_BUS_004,requiresSkill,SK_SALES
P_BUS_004,requiresSkill,SK_TEAM_MANAGEMENT
P_BUS_005,requiresSkill,SK_ADMINISTRATIVE_MANAGEMENT
P_BUS_005,requiresSkill,SK_ORGANIZATION
P_BUS_005,requiresSkill,SK_COMMUNICATION
P_BUS_006,requiresSkill,SK_CLIENT_RELATIONSHIP
P_BUS_006,requiresSkill,SK_COMMUNICATION
P_BUS_006,requiresSkill,SK_SALES
P_BUS_007,requiresSkill,SK_COMMUNICATION
P_BUS_007,requiresSkill,SK_NEGOTIATION
P_BUS_007,requiresSkill,SK_MEDIATION
P_BUS_008,requiresSkill,SK_ORGANIZATION
P_BUS_008,requiresSkill,SK_PROBLEM_SOLVING
P_BUS_008,requiresSkill,SK_ADMINISTRATIVE_MANAGEMENT
P_BUS_009,requiresSkill,SK_PROJECT_MANAGEMENT
P_BUS_009,requiresSkill,SK_TEAM_MANAGEMENT
P_BUS_009,requiresSkill,SK_DECISION_MAKING
P_BUS_010,requiresSkill,SK_CRITICAL_THINKING
P_BUS_010,requiresSkill,SK_BUSINESS_STRATEGY
P_BUS_010,requiresSkill,SK_COMMUNICATION
P_BUS_011,requiresSkill,SK_MATH
P_BUS_011,requiresSkill,SK_ECONOMICS
P_BUS_011,requiresSkill,SK_ORGANIZATION
P_BUS_012,requiresSkill,SK_LEADERSHIP
P_BUS_012,requiresSkill,SK_BUSINESS_STRATEGY
P_BUS_012,requiresSkill,SK_DECISION_MAKING
P_LOW_F_001,requiresSkill,SK_ORGANIZATION
P_LOW_F_001,requiresSkill,SK_STRESS_MANAGEMENT
P_LOW_F_001,requiresSkill,SK_CARE
P_LOW_F_002,requiresSkill,SK_ORGANIZATION
P_LOW_F_002,requiresSkill,SK_STRESS_MANAGEMENT
P_LOW_F_002,requiresSkill,SK_CLIENT_RELATIONSHIP
P_LOW_F_003,requiresSkill,SK_ORGANIZATION
P_LOW_F_003,requiresSkill,SK_CLIENT_RELATIONSHIP
P_LOW_F_003,requiresSkill,SK_CARE
P_LOW_F_004,requiresSkill,SK_CARE
P_LOW_F_004,requiresSkill,SK_EMPATHY
P_LOW_F_004,requiresSkill,SK_ORGANIZATION
P_LOW_F_005,requiresSkill,SK_CARE
P_LOW_F_005,requiresSkill,SK_EMPATHY
P_LOW_F_005,requiresSkill,SK_SOCIAL_SUPPORT
P_LOW_F_006,requiresSkill,SK_CARE
P_LOW_F_006,requiresSkill,SK_CHILD_DEVELOPMENT
P_LOW_F_006,requiresSkill,SK_EMPATHY
P_LOW_F_007,requiresSkill,SK_CHILD_DEVELOPMENT
P_LOW_F_007,requiresSkill,SK_CARE
P_LOW_F_007,requiresSkill,SK_PEDAGOGY
P_LOW_F_008,requiresSkill,SK_CARE
P_LOW_F_008,requiresSkill,SK_ORGANIZATION
P_LOW_F_008,requiresSkill,SK_STRESS_MANAGEMENT
P_LOW_F_009,requiresSkill,SK_CLIENT_RELATIONSHIP
P_LOW_F_009,requiresSkill,SK_STRESS_MANAGEMENT
P_LOW_F_009,requiresSkill,SK_ORGANIZATION
P_LOW_F_010,requiresSkill,SK_ORGANIZATION
P_LOW_F_010,requiresSkill,SK_CLIENT_RELATIONSHIP
P_LOW_F_010,requiresSkill,SK_STRESS_MANAGEMENT
P_LOW_F_011,requiresSkill,SK_CLIENT_RELATIONSHIP
P_LOW_F_011,requiresSkill,SK_COMMUNICATION
P_LOW_F_011,requiresSkill,SK_STRESS_MANAGEMENT
P_LOW_F_012,requiresSkill,SK_PUBLIC_RECEPTION
P_LOW_F_012,requiresSkill,SK_COMMUNICATION
P_LOW_F_012,requiresSkill,SK_CLIENT_RELATIONSHIP
P_LOW_F_013,requiresSkill,SK_COMMUNICATION
P_LOW_F_013,requiresSkill,SK_CLIENT_RELATIONSHIP
P_LOW_F_013,requiresSkill,SK_STRESS_MANAGEMENT
P_LOW_M_001,requiresSkill,SK_TECHNICAL_REASONING
P_LOW_M_001,requiresSkill,SK_PROBLEM_SOLVING
P_LOW_M_001,requiresSkill,SK_STRESS_MANAGEMENT
P_LOW_M_002,requiresSkill,SK_TECHNICAL_REASONING
P_LOW_M_002,requiresSkill,SK_ORGANIZATION
P_LOW_M_002,requiresSkill,SK_PROBLEM_SOLVING
P_LOW_M_003,requiresSkill,SK_TECHNICAL_REASONING
P_LOW_M_003,requiresSkill,SK_PROBLEM_SOLVING
P_LOW_M_003,requiresSkill,SK_ORGANIZATION
P_LOW_M_004,requiresSkill,SK_TECHNICAL_REASONING
P_LOW_M_004,requiresSkill,SK_PROBLEM_SOLVING
P_LOW_M_004,requiresSkill,SK_STRESS_MANAGEMENT
P_LOW_M_005,requiresSkill,SK_PHYSICS
P_LOW_M_005,requiresSkill,SK_TECHNICAL_REASONING
P_LOW_M_005,requiresSkill,SK_PROBLEM_SOLVING
P_LOW_M_006,requiresSkill,SK_TECHNICAL_REASONING
P_LOW_M_006,requiresSkill,SK_STRESS_MANAGEMENT
P_LOW_M_006,requiresSkill,SK_DECISION_MAKING
P_LOW_M_007,requiresSkill,SK_ORGANIZATION
P_LOW_M_007,requiresSkill,SK_STRESS_MANAGEMENT
P_LOW_M_007,requiresSkill,SK_TEAM_MANAGEMENT
P_LOW_M_008,requiresSkill,SK_ORGANIZATION
P_LOW_M_008,requiresSkill,SK_STRESS_MANAGEMENT
P_LOW_M_008,requiresSkill,SK_PROBLEM_SOLVING
P_LOW_M_009,requiresSkill,SK_ORGANIZATION
P_LOW_M_009,requiresSkill,SK_TEAM_MANAGEMENT
P_LOW_M_009,requiresSkill,SK_STRESS_MANAGEMENT
P_LOW_M_010,requiresSkill,SK_STRESS_MANAGEMENT
P_LOW_M_010,requiresSkill,SK_ORGANIZATION
P_LOW_M_010,requiresSkill,SK_TEAM_MANAGEMENT
P_LOW_M_011,requiresSkill,SK_STRESS_MANAGEMENT
P_LOW_M_011,requiresSkill,SK_PUBLIC_RECEPTION
P_LOW_M_011,requiresSkill,SK_DECISION_MAKING
P_LOW_M_012,requiresSkill,SK_ORGANIZATION
P_LOW_M_012,requiresSkill,SK_STRESS_MANAGEMENT
P_LOW_M_012,requiresSkill,SK_CLIENT_RELATIONSHIP
P_LOW_M_013,requiresSkill,SK_CARE
P_LOW_M_013,requiresSkill,SK_TECHNICAL_REASONING
P_LOW_M_013,requiresSkill,SK_STRESS_MANAGEMENT
G_MALE,isLocatedIn,CTRY_SS
G_FEMALE,isLocatedIn,CTRY_SS
CTRY_SS,isIN,CONT_AFRICA
CTRY_SS,hasHDIlevel,HDI_LOW
G_MALE,isLocatedIn,CTRY_SO
G_FEMALE,isLocatedIn,CTRY_SO
CTRY_SO,isIN,CONT_AFRICA
CTRY_SO,hasHDIlevel,HDI_LOW
G_MALE,isLocatedIn,CTRY_TD
G_FEMALE,isLocatedIn,CTRY_TD
CTRY_TD,isIN,CONT_AFRICA
CTRY_TD,hasHDIlevel,HDI_LOW
G_MALE,isLocatedIn,CTRY_NE
G_FEMALE,isLocatedIn,CTRY_NE
CTRY_NE,isIN,CONT_AFRICA
CTRY_NE,hasHDIlevel,HDI_LOW
G_MALE,isLocatedIn,CTRY_CF
G_FEMALE,isLocatedIn,CTRY_CF
CTRY_CF,isIN,CONT_AFRICA
CTRY_CF,hasHDIlevel,HDI_LOW
G_MALE,isLocatedIn,CTRY_BI
G_FEMALE,isLocatedIn,CTRY_BI
CTRY_BI,isIN,CONT_AFRICA
CTRY_BI,hasHDIlevel,HDI_LOW
G_MALE,isLocatedIn,CTRY_ML
G_FEMALE,isLocatedIn,CTRY_ML
CTRY_ML,isIN,CONT_AFRICA
CTRY_ML,hasHDIlevel,HDI_LOW
G_MALE,isLocatedIn,CTRY_BF
G_FEMALE,isLocatedIn,CTRY_BF
CTRY_BF,isIN,CONT_AFRICA
CTRY_BF,hasHDIlevel,HDI_LOW
G_MALE,isLocatedIn,CTRY_AF
G_FEMALE,isLocatedIn,CTRY_AF
CTRY_AF,isIN,CONT_ASIA
CTRY_AF,hasHDIlevel,HDI_LOW
G_MALE,isLocatedIn,CTRY_YE
G_FEMALE,isLocatedIn,CTRY_YE
CTRY_YE,isIN,CONT_ASIA
CTRY_YE,hasHDIlevel,HDI_LOW
G_MALE,isLocatedIn,CTRY_IN
G_FEMALE,isLocatedIn,CTRY_IN
CTRY_IN,isIN,CONT_ASIA
CTRY_IN,hasHDIlevel,HDI_MEDIUM
G_MALE,isLocatedIn,CTRY_BD
G_FEMALE,isLocatedIn,CTRY_BD
CTRY_BD,isIN,CONT_ASIA
CTRY_BD,hasHDIlevel,HDI_MEDIUM
G_MALE,isLocatedIn,CTRY_NP
G_FEMALE,isLocatedIn,CTRY_NP
CTRY_NP,isIN,CONT_ASIA
CTRY_NP,hasHDIlevel,HDI_MEDIUM
G_MALE,isLocatedIn,CTRY_KH
G_FEMALE,isLocatedIn,CTRY_KH
CTRY_KH,isIN,CONT_ASIA
CTRY_KH,hasHDIlevel,HDI_MEDIUM
G_MALE,isLocatedIn,CTRY_GH
G_FEMALE,isLocatedIn,CTRY_GH
CTRY_GH,isIN,CONT_AFRICA
CTRY_GH,hasHDIlevel,HDI_MEDIUM
G_MALE,isLocatedIn,CTRY_KE
G_FEMALE,isLocatedIn,CTRY_KE
CTRY_KE,isIN,CONT_AFRICA
CTRY_KE,hasHDIlevel,HDI_MEDIUM
G_MALE,isLocatedIn,CTRY_CM
G_FEMALE,isLocatedIn,CTRY_CM
CTRY_CM,isIN,CONT_AFRICA
CTRY_CM,hasHDIlevel,HDI_MEDIUM
G_MALE,isLocatedIn,CTRY_ZM
G_FEMALE,isLocatedIn,CTRY_ZM
CTRY_ZM,isIN,CONT_AFRICA
CTRY_ZM,hasHDIlevel,HDI_MEDIUM
G_MALE,isLocatedIn,CTRY_HT
G_FEMALE,isLocatedIn,CTRY_HT
CTRY_HT,isIN,CONT_AMERICA
CTRY_HT,hasHDIlevel,HDI_MEDIUM
G_MALE,isLocatedIn,CTRY_HN
G_FEMALE,isLocatedIn,CTRY_HN
CTRY_HN,isIN,CONT_AMERICA
CTRY_HN,hasHDIlevel,HDI_MEDIUM
G_MALE,isLocatedIn,CTRY_BR
G_FEMALE,isLocatedIn,CTRY_BR
CTRY_BR,isIN,CONT_AMERICA
CTRY_BR,hasHDIlevel,HDI_HIGH
G_MALE,isLocatedIn,CTRY_MX
G_FEMALE,isLocatedIn,CTRY_MX
CTRY_MX,isIN,CONT_AMERICA
CTRY_MX,hasHDIlevel,HDI_HIGH
G_MALE,isLocatedIn,CTRY_CO
G_FEMALE,isLocatedIn,CTRY_CO
CTRY_CO,isIN,CONT_AMERICA
CTRY_CO,hasHDIlevel,HDI_HIGH
G_MALE,isLocatedIn,CTRY_CN
G_FEMALE,isLocatedIn,CTRY_CN
CTRY_CN,isIN,CONT_ASIA
CTRY_CN,hasHDIlevel,HDI_HIGH
G_MALE,isLocatedIn,CTRY_ID
G_FEMALE,isLocatedIn,CTRY_ID
CTRY_ID,isIN,CONT_ASIA
CTRY_ID,hasHDIlevel,HDI_HIGH
G_MALE,isLocatedIn,CTRY_VN
G_FEMALE,isLocatedIn,CTRY_VN
CTRY_VN,isIN,CONT_ASIA
CTRY_VN,hasHDIlevel,HDI_HIGH
G_MALE,isLocatedIn,CTRY_PH
G_FEMALE,isLocatedIn,CTRY_PH
CTRY_PH,isIN,CONT_ASIA
CTRY_PH,hasHDIlevel,HDI_HIGH
G_MALE,isLocatedIn,CTRY_ZA
G_FEMALE,isLocatedIn,CTRY_ZA
CTRY_ZA,isIN,CONT_AFRICA
CTRY_ZA,hasHDIlevel,HDI_HIGH
G_MALE,isLocatedIn,CTRY_EG
G_FEMALE,isLocatedIn,CTRY_EG
CTRY_EG,isIN,CONT_AFRICA
CTRY_EG,hasHDIlevel,HDI_HIGH
G_MALE,isLocatedIn,CTRY_DZ
G_FEMALE,isLocatedIn,CTRY_DZ
CTRY_DZ,isIN,CONT_AFRICA
CTRY_DZ,hasHDIlevel,HDI_HIGH
G_MALE,isLocatedIn,CTRY_US
G_FEMALE,isLocatedIn,CTRY_US
CTRY_US,isIN,CONT_AMERICA
CTRY_US,hasHDIlevel,HDI_VERY_HIGH
G_MALE,isLocatedIn,CTRY_CA
G_FEMALE,isLocatedIn,CTRY_CA
CTRY_CA,isIN,CONT_AMERICA
CTRY_CA,hasHDIlevel,HDI_VERY_HIGH
G_MALE,isLocatedIn,CTRY_CL
G_FEMALE,isLocatedIn,CTRY_CL
CTRY_CL,isIN,CONT_AMERICA
CTRY_CL,hasHDIlevel,HDI_VERY_HIGH
G_MALE,isLocatedIn,CTRY_FR
G_FEMALE,isLocatedIn,CTRY_FR
CTRY_FR,isIN,CONT_EUROPE
CTRY_FR,hasHDIlevel,HDI_VERY_HIGH
G_MALE,isLocatedIn,CTRY_DE
G_FEMALE,isLocatedIn,CTRY_DE
CTRY_DE,isIN,CONT_EUROPE
CTRY_DE,hasHDIlevel,HDI_VERY_HIGH
G_MALE,isLocatedIn,CTRY_GB
G_FEMALE,isLocatedIn,CTRY_GB
CTRY_GB,isIN,CONT_EUROPE
CTRY_GB,hasHDIlevel,HDI_VERY_HIGH
G_MALE,isLocatedIn,CTRY_JP
G_FEMALE,isLocatedIn,CTRY_JP
CTRY_JP,isIN,CONT_ASIA
CTRY_JP,hasHDIlevel,HDI_VERY_HIGH
G_MALE,isLocatedIn,CTRY_KR
G_FEMALE,isLocatedIn,CTRY_KR
CTRY_KR,isIN,CONT_ASIA
CTRY_KR,hasHDIlevel,HDI_VERY_HIGH
G_MALE,isLocatedIn,CTRY_AU
G_FEMALE,isLocatedIn,CTRY_AU
CTRY_AU,isIN,CONT_OCEANIA
CTRY_AU,hasHDIlevel,HDI_VERY_HIGH
G_MALE,isLocatedIn,CTRY_NZ
G_FEMALE,isLocatedIn,CTRY_NZ
CTRY_NZ,isIN,CONT_OCEANIA
CTRY_NZ,hasHDIlevel,HDI_VERY_HIGH
